ASIN,Product Name,Update Count,Creation Date
B0DXF55HC3,"Not Available",832,2025-07-08T10:58:23.763Z
B0DBT9CBNG,"Not Available",825,2025-06-05T11:47:26.129Z
B0DKNRSW7P,"Not Available",809,2025-01-21T03:26:06.795Z
B0CW17H7QS,"Not Available",799,2024-10-02T17:29:36.631Z
B0CW17HQVR,"Not Available",789,2024-09-19T22:39:21.847Z
B074CF46LT,"Not Available",779,2024-02-13T19:06:23.118Z
B09P5C4ZD9,"Not Available",760,2024-01-10T16:55:09.335Z
B0855S49VR,"Not Available",750,2024-01-05T02:00:44.738Z
B0CL4D69L1,"Not Available",822,2023-12-01T19:52:03.954Z
B0BP2SW74Q,"Not Available",697,2023-09-04T16:20:37.010Z
B09M1CZWB5,"Not Available",660,2023-09-01T11:29:31.407Z
B075VHHNLW,"Not Available",657,2023-09-01T11:29:31.247Z
B08Q36YPPX,"Not Available",613,2023-04-10T23:42:25.577Z
B0B3Y5YXRR,"Not Available",640,2023-04-09T23:09:13.460Z
B074CCLPR5,"Not Available",637,2023-04-09T23:09:13.250Z
B08PDJ2SDP,"Not Available",712,2023-04-09T04:09:08.401Z
B07H3RDCR6,"Not Available",709,2023-04-09T04:09:08.264Z
B0BXQ3QPHN,"Not Available",575,2023-03-28T12:24:25.345Z
B09M4542WX,"Not Available",730,2023-03-17T14:48:47.701Z
B074CGW2LF,"Not Available",727,2023-03-17T14:48:47.561Z
B099KTX53D,"Not Available",545,2023-03-06T19:45:33.551Z
B0753H426S,"Not Available",538,2023-03-02T04:29:06.840Z
B07WK7PVFT,"Not Available",528,2023-02-20T03:04:38.495Z
B09T6JHVMD,"Not Available",521,2023-02-07T01:48:45.446Z
B0BKPYNLC2,"Not Available",511,2022-12-26T16:16:44.713Z
B091PQ8R36,"Not Available",492,2022-09-26T23:30:05.957Z
B091PR8Z5W,"Not Available",489,2022-09-26T23:30:05.798Z
B0B6VPK3Y2,"Not Available",460,2022-08-14T13:54:42.870Z
B07VVJPJ5Z,"Not Available",463,2022-08-09T17:41:03.923Z
B09MCLRNPT,"Not Available",685,2022-08-02T02:46:46.958Z
B08RDVHNTB,"Not Available",682,2022-08-02T02:46:46.804Z
B09ZTZQVHL,"Not Available",432,2022-06-30T17:23:19.895Z
B09PHM5B62,"Not Available",425,2022-06-03T20:33:32.781Z
B0857K412T,"Not Available",397,2022-05-10T09:59:08.005Z
B09C3B8VR3,"Not Available",348,2022-02-08T17:06:44.702Z
B08X677GFB,"Not Available",381,2022-02-07T03:57:46.006Z
B0943LC2V1,"Not Available",325,2022-02-03T19:42:16.158Z
B093CVZN8S,"Not Available",369,2022-01-21T05:15:12.050Z
B08VWVCZ69,"Not Available",302,2022-01-13T20:21:50.120Z
B09DTKS269,"Not Available",268,2021-09-10T19:31:34.591Z
B09C3BXYLK,"Not Available",345,2021-09-04T03:22:28.521Z
B0897PT696,"Not Available",218,2021-08-22T04:06:15.696Z
B09998L4WS,"Not Available",231,2021-07-13T13:15:33.395Z
B074CHTHJQ,"Not Available",183,2021-06-20T00:42:56.749Z
B08SMHQ79D,"Not Available",176,2021-01-11T20:53:14.082Z
B0775W2V36,"Not Available",378,2020-01-10T16:11:14.312Z
B075V4TBWQ,"Not Available",6,2019-10-11T19:28:39.082Z
