DocumentId,Title,DocumentProvider,Filename,DocumentOriginalType,DocumentSizeInBytes,DocumentTypeAndConvertionCompletionStatus 1,DocumentTypeAndConvertionCompletionStatus 2,DocumentTypeAndConvertionCompletionStatus 3,DocumentTypeAndConvertionCompletionStatus 4,DocumentTypeAndConvertionCompletionStatus 5,HasBeenDeleted,EntryCreationDate
SEZPDYLSFM2BYZQJNVIF2P5X74LX7RKR,Seascraper (Benjamin Wood) (Z-Library),Benjamin Wood,Seascraper (Benjamin Wood) (Z-Library).azw8,application/x-mobi8-ebook,612424,"documentOrigin = personal document","conversionStatus = finished","documentType = document","Not Available","Not Available","No","2025-07-29T15:47:47.063Z"
FL3NEUQ2GAR53VPJA4427F67PPROIYBM,The Rest of Our Lives (Benj_ (Z-Library),Benjamin Markovits,The Rest of Our Lives (Benj_ (Z-Library).azw8,application/x-mobi8-ebook,372704,"documentOrigin = personal document","conversionStatus = finished","documentType = document","Not Available","Not Available","No","2025-07-29T15:47:25.442Z"
CYYIMAPVWFZQZ7XVINNTFI6QPBWGZ245,Florida Palms (Joe Pan) (Z-Library),Joe Pan,Florida Palms (Joe Pan) (Z-Library).azw8,application/x-mobi8-ebook,1216908,"documentOrigin = personal document","conversionStatus = finished","documentType = document","Not Available","Not Available","No","2025-07-27T18:32:12.909Z"
LLUQMOFNTTDE4U47XIA344P55IEPDQDW,Heartwood (Amity Gaige) (Z-Library),Amity Gaige,Heartwood (Amity Gaige) (Z-Library).azw8,application/x-mobipocket-ebook,1119184,"documentOrigin = personal document","conversionStatus = finished","documentType = document","Not Available","Not Available","No","2025-07-26T04:33:01.473Z"
KGYWKIBH5PNSEB3YPUA5KDHPGPGI5X4V,Flashlight (Susan Choi) (Z-Library),Susan Choi,Flashlight (Susan Choi) (Z-Library).azw8,application/x-mobipocket-ebook,1181732,"documentOrigin = personal document","conversionStatus = finished","documentType = document","Not Available","Not Available","No","2025-07-20T20:14:58.313Z"
7KRWAI2AYO7QURIYLICYT2S4DTQWFXK7,The Slip (Lucas Schaefer) (Z-Library),Lucas Schaefer,The Slip (Lucas Schaefer) (Z-Library).azw8,application/x-mobipocket-ebook,1403048,"documentOrigin = personal document","conversionStatus = finished","documentType = document","Not Available","Not Available","No","2025-07-18T16:29:14.089Z"
MZJHLPOQEFK6QOXINYVHNIKWVK53C26Z,The Last One at the Wedding_ (Z-Library),Jason Rekulak,The Last One at the Wedding_ (Z-Library).azw8,application/x-mobi8-ebook,1695556,"documentOrigin = personal document","conversionStatus = finished","documentType = document","Not Available","Not Available","No","2025-07-15T18:22:39.652Z"
RBEXH5ATPIXTSXDRPADA6TMFIDDTOR4L,Turbulence (David Szalay) (Z-Library),David Szalay,Turbulence (David Szalay) (Z-Library).azw8,application/x-mobi8-ebook,399056,"documentOrigin = personal document","conversionStatus = finished","documentType = document","Not Available","Not Available","No","2025-07-15T04:06:32.178Z"
CD2J6YLYY6SMOGLTHM77PUX5YBUTBUKC,Vera or Faith (Gary Shteyn_ (Z-Library),Gary Shteyngart,Vera or Faith (Gary Shteyn_ (Z-Library).azw8,application/x-mobipocket-ebook,830480,"documentOrigin = personal document","conversionStatus = finished","documentType = document","Not Available","Not Available","No","2025-07-10T21:28:09.922Z"
VE4SJJEMPCNJIYM5H66WC62DAPYE4BQI,London and the South-East (_ (Z-Library),David Szalay,London and the South-East (_ (Z-Library).azw8,application/x-mobi8-ebook,512700,"documentOrigin = personal document","conversionStatus = finished","documentType = document","Not Available","Not Available","No","2025-07-10T21:27:50.961Z"
DLPKNHHPHNJ4DUAQY2GFGV5CUSFQXXJU,The Hike A Novel (Drew Magary) (Z-Library),Drew Magary,The Hike A Novel (Drew Magary) (Z-Library).azw8,application/x-mobipocket-ebook,711064,"documentOrigin = personal document","conversionStatus = finished","documentType = document","Not Available","Not Available","No","2025-07-06T19:54:15.653Z"
SL7WU7EAKIJMP6UUMD2XUOQFJIPQTNPT,All That Man Is (David Szalay) (Z-Library),David Szalay,All That Man Is (David Szalay) (Z-Library).azw8,application/x-mobi8-ebook,637504,"documentOrigin = personal document","conversionStatus = finished","documentType = document","Not Available","Not Available","No","2025-07-06T19:50:14.344Z"
43ORQUG7AE42E3A2GE6TJRETZGVMQIFX,How to Dodge a Cannonball (_ (Z-Library),Dennard Dayle,How to Dodge a Cannonball (_ (Z-Library).azw8,application/x-mobipocket-ebook,785316,"documentOrigin = personal document","conversionStatus = finished","documentType = document","Not Available","Not Available","No","2025-06-24T20:06:40.400Z"
433NYT3NYBLOUOHLMNP7KZE4BASGKFI2,Life as No One Knows It The_ (Z-Library),Sara Imari Walker,Life as No One Knows It The_ (Z-Library).azw8,application/x-mobipocket-ebook,767732,"documentOrigin = personal document","conversionStatus = finished","documentType = document","Not Available","Not Available","No","2025-06-24T18:17:14.097Z"
77X5BC7DFTLU4LZPF46IWOWFXBG44XNJ,Bad Company Private Equity_ (Z-Library),Megan Greenwell,Bad Company Private Equity_ (Z-Library).azw8,application/x-mobipocket-ebook,851612,"documentOrigin = personal document","conversionStatus = finished","documentType = document","Not Available","Not Available","No","2025-06-24T04:40:22.788Z"
JPOXUR4EGOMYIE4NQUVJQIDTMPQQNA4F,The Rider (Tim Krabbé) (Z-Library),Tim Krabbé,The Rider (Tim Krabbé) (Z-Library).azw8,application/x-mobipocket-ebook,377144,"documentOrigin = personal document","conversionStatus = finished","documentType = document","Not Available","Not Available","No","2025-06-12T23:32:42.613Z"
WE7SRD2LY7QFPPIYNFYUIFGDVUBNHMLP,Rider (Krabbe Tim) (Z-Library),Tim Krabbé,Rider (Krabbe Tim) (Z-Library).azw8,application/x-mobipocket-ebook,243936,"documentOrigin = personal document","conversionStatus = finished","documentType = document","Not Available","Not Available","No","2025-06-12T18:03:24.241Z"
ZPDUB3GM3WAX336MUVRJXWWZQKSYRZ4H,So Far Gone (Jess Walter) (Z-Library),Jess Walter,So Far Gone (Jess Walter) (Z-Library).azw8,application/x-mobipocket-ebook,721572,"documentOrigin = personal document","conversionStatus = finished","documentType = document","Not Available","Not Available","No","2025-06-11T03:14:10.244Z"
JNMIUTPQKYQ7HRUKCLKJX5RHPE3OAK4B,The Emperor of Gladness (Oc_ (Z-Library),Ocean Vuong,The Emperor of Gladness (Oc_ (Z-Library).azw8,application/x-mobipocket-ebook,868200,"documentOrigin = personal document","conversionStatus = finished","documentType = document","Not Available","Not Available","No","2025-05-29T20:28:54.731Z"
QYRAXQVBLI3LB5QJ4JUGQRWU5LOQXERK,Harmattan Season (Tochi Ony_ (Z-Library),Tochi Onyebuchi,Harmattan Season (Tochi Ony_ (Z-Library).azw8,application/x-mobi8-ebook,774584,"documentOrigin = personal document","conversionStatus = finished","documentType = document","Not Available","Not Available","No","2025-05-27T20:08:55.945Z"
AP5FIAON5SVTMKD5WZJIZMQNHU6IF5Y6,Small Boat (Vincent Delecroix) (Z-Library),Vincent Delecroix,Small Boat (Vincent Delecroix) (Z-Library).azw8,application/x-mobipocket-ebook,291780,"documentOrigin = personal document","conversionStatus = finished","documentType = document","Not Available","Not Available","No","2025-05-21T15:36:29.444Z"
O6S35RM2ZUUGD5GZ4NVTFU7UOPT7RK4U,On the Calculation of Volum_ (Z-Library),Solvej Balle,On the Calculation of Volum_ (Z-Library).azw8,application/x-mobi8-ebook,446140,"documentOrigin = personal document","conversionStatus = finished","documentType = document","Not Available","Not Available","No","2025-05-21T15:36:16.217Z"
FTT7VNOWFIXZCCUGO3PVUC2EFP5UBTOU,Ruth Run (Elizabeth Kaufman) (Z-Library),Elizabeth Kaufman,Ruth Run (Elizabeth Kaufman) (Z-Library).azw8,application/x-mobi8-ebook,628284,"documentOrigin = personal document","conversionStatus = finished","documentType = document","Not Available","Not Available","No","2025-05-19T20:53:19.113Z"
CLAXYW2N4FTQ76CN6JTRJPY5TJ6LGVCD,Run for the Hills (Kevin Wi_ (Z-Library),Kevin Wilson,Run for the Hills (Kevin Wi_ (Z-Library).azw8,application/x-mobipocket-ebook,622456,"documentOrigin = personal document","conversionStatus = finished","documentType = document","Not Available","Not Available","No","2025-05-13T17:54:02.196Z"
RESEYEAJK4EJ4ULJAU6NJ6YSAGXJJQBV,Flesh A Novel (David Szalay) (Z-Library),David Szalay,Flesh A Novel (David Szalay) (Z-Library).azw8,application/x-mobi8-ebook,643892,"documentOrigin = personal document","conversionStatus = finished","documentType = document","Not Available","Not Available","No","2025-05-07T17:20:47.508Z"
WF76OBCUMHIJ33X2SQRIIWKQ4MIBU6FK,The Murder of Roger Ackroyd_ (Z-Library),Agatha Christie,The Murder of Roger Ackroyd_ (Z-Library).azw8,application/x-mobi8-ebook,692572,"documentOrigin = personal document","conversionStatus = finished","documentType = document","Not Available","Not Available","No","2025-05-06T03:35:20.602Z"
LTCRXOXA6TOUTCKMTU3ZCVIOM5BKGXOC,Run the Song (Ben Ratliff) (Z-Library),Ben Ratliff,Run the Song (Ben Ratliff) (Z-Library).azw8,application/x-mobipocket-ebook,755572,"documentOrigin = personal document","conversionStatus = finished","documentType = document","Not Available","Not Available","No","2025-05-04T18:12:33.474Z"
MDA2MPOTKOJLTLOVINZIHHXFP4Q3WPNH,Audition (Katie Kitamura) (Z-Library),Katie Kitamura,Audition (Katie Kitamura) (Z-Library).azw8,application/x-mobi8-ebook,706204,"documentOrigin = personal document","conversionStatus = finished","documentType = document","Not Available","Not Available","No","2025-04-29T11:39:16.327Z"
C6ATPLQ37HSITPZJ3VQPW6KVAJUUMK7Y,The Impossible Thing (Belin_ (Z-Library),Belinda Bauer,The Impossible Thing (Belin_ (Z-Library).azw8,application/x-mobi8-ebook,733252,"documentOrigin = personal document","conversionStatus = finished","documentType = document","Not Available","Not Available","No","2025-04-27T03:28:35.496Z"
WS7ZNQVX7GBLFJDICPFXB44TVFXYJ3XO,Havoc (Christopher Bollen) (Z-Library),Christopher Bollen,Havoc (Christopher Bollen) (Z-Library).azw8,application/x-mobi8-ebook,506376,"documentOrigin = personal document","conversionStatus = finished","documentType = document","Not Available","Not Available","No","2025-04-21T22:28:17.213Z"
2QNZAYQAE5R4PFN6F24WIOEU6LELQLZZ,Perspective(s) A Novel (Lau_ (Z-Library),Laurent Binet,Perspective(s) A Novel (Lau_ (Z-Library).azw8,application/x-mobipocket-ebook,995192,"documentOrigin = personal document","conversionStatus = finished","documentType = document","Not Available","Not Available","No","2025-04-18T03:31:15.830Z"
TSTOZDLY54TMFJPMV5UY3P7FBETFAS6Y,The Explorers Gene (Alex Hu_ (Z-Library),Alex Hutchinson,The Explorers Gene (Alex Hu_ (Z-Library).azw8,application/x-mobipocket-ebook,1346240,"documentOrigin = personal document","conversionStatus = finished","documentType = document","Not Available","Not Available","No","2025-04-18T01:22:23.765Z"
WVIR53TOCAWTSQCQN5QUVUTPLD2YC7AD,The Murder Show (Matt Goldman) (Z-Library),Matt Goldman,The Murder Show (Matt Goldman) (Z-Library).azw8,application/x-mobi8-ebook,731368,"documentOrigin = personal document","conversionStatus = finished","documentType = document","Not Available","Not Available","No","2025-04-15T14:43:33.909Z"
II6J4O2WEM4UWTX47RYFLMDPIEDR6GET,Wild Dark Shore (Charlotte_ (Z-Library),Charlotte McConaghy,Wild Dark Shore (Charlotte_ (Z-Library).azw8,application/x-mobi8-ebook,668460,"documentOrigin = personal document","conversionStatus = finished","documentType = document","Not Available","Not Available","No","2025-04-13T20:18:07.660Z"
CDR35CJELKKDYPJWZBMD6CG3XFMVZI4U,I See Youve Called in Dead_ (Z-Library),John Kenney,I See Youve Called in Dead_ (Z-Library).azw8,application/x-mobi8-ebook,574208,"documentOrigin = personal document","conversionStatus = finished","documentType = document","Not Available","Not Available","No","2025-04-07T00:09:13.716Z"
U2Z3ZVHOGQDZ2SJB23WAYVQTZA37NXVN,The Impossible Thing (Belin_ (Z-Library),Belinda Bauer,The Impossible Thing (Belin_ (Z-Library).azw8,application/x-mobi8-ebook,733252,"documentOrigin = personal document","conversionStatus = finished","documentType = document","Not Available","Not Available","No","2025-04-05T17:17:08.411Z"
ZW3F76PLL34P2SJIZJWH4HZPWF7D5TW7,Two Storm Wood (Philip Gray) (Z-Library),Philip Gray,Two Storm Wood (Philip Gray) (Z-Library).azw8,application/x-mobipocket-ebook,876772,"documentOrigin = personal document","conversionStatus = finished","documentType = document","Not Available","Not Available","No","2025-04-04T02:31:15.320Z"
4BEVZWGVCV6GBB2TWCMA4Q54PC2UHGLZ,Sister Europe A Novel (Nell_ (Z-Library),Nell Zink,Sister Europe A Novel (Nell_ (Z-Library).azw8,application/x-mobi8-ebook,610592,"documentOrigin = personal document","conversionStatus = finished","documentType = document","Not Available","Not Available","No","2025-03-25T20:33:27.102Z"
TH6GPQAVDDTMCR2XKAXXE5XUWQF5DODY,The Oligarchs Daughter (Jos_ (Z-Library),Joseph Finder,The Oligarchs Daughter (Jos_ (Z-Library).azw8,application/x-mobi8-ebook,985204,"documentOrigin = personal document","conversionStatus = finished","documentType = document","Not Available","Not Available","No","2025-03-22T01:17:19.192Z"
TEOQR3X2DN2TSHJ276HTYWLF6WUZXQBC,Kills Well with Others (Dea_ (Z-Library),Deanna Raybourn,Kills Well with Others (Dea_ (Z-Library).azw8,application/x-mobi8-ebook,749224,"documentOrigin = personal document","conversionStatus = finished","documentType = document","Not Available","Not Available","No","2025-03-13T20:16:04.540Z"
PTBMJPRMFADHGCZ7ESUYHIIFVONVRXUJ,The Passenger Seat (Vijay K_ (Z-Library),Vijay Khurana,The Passenger Seat (Vijay K_ (Z-Library).azw8,application/x-mobipocket-ebook,425344,"documentOrigin = personal document","conversionStatus = finished","documentType = document","Not Available","Not Available","No","2025-03-07T02:31:24.037Z"
CJJUL3R7HSOXJG3AYG7MQZN3CZZWMZL5,Of Women and Salt (Gabriela_ (Z-Library),Gabriela Garcia,Of Women and Salt (Gabriela_ (Z-Library).azw8,application/x-mobi8-ebook,715744,"documentOrigin = personal document","conversionStatus = finished","documentType = document","Not Available","Not Available","No","2025-03-03T02:55:49.392Z"
6NDGE2NIHCVUABABQEW7LNCIZ7TO6CGC,Rental House A Novel (Weike_ (Z-Library),Weike Wang,Rental House A Novel (Weike_ (Z-Library).azw8,application/x-mobipocket-ebook,679528,"documentOrigin = personal document","conversionStatus = finished","documentType = document","Not Available","Not Available","No","2025-03-01T21:58:53.721Z"
TZP5HFOTIFXZOUVZML2TN6JMK26OPH5M,Speedboat (Renata Adler) (Z-Library),Renata Adler,Speedboat (Renata Adler) (Z-Library).azw8,application/x-mobi8-ebook,290176,"documentOrigin = personal document","conversionStatus = finished","documentType = document","Not Available","Not Available","No","2025-02-26T20:24:55.747Z"
HUKF6ODKYJKXSFIK5P7Q7DIOWPD325YP,Fifty in Reverse A Novel (B_ (Z-Library),Bill Flanagan,Fifty in Reverse A Novel (B_ (Z-Library).azw8,application/x-mobi8-ebook,554140,"documentOrigin = personal document","conversionStatus = finished","documentType = document","Not Available","Not Available","No","2025-02-26T20:24:34.295Z"
4LXTLEYZY7L7ETOIXN5BEITXMZHJAT2H,The Three Coffins (John Dic_ (Z-Library),John Dickson Carr,The Three Coffins (John Dic_ (Z-Library).azw8,application/x-mobi8-ebook,684584,"documentOrigin = personal document","conversionStatus = finished","documentType = document","Not Available","Not Available","No","2025-02-21T23:01:30.982Z"
LJEYEFSOIDZ6GLUVVI6NH52QJH5ZDYED,The Three Coffins (aka.The_ (Z-Library),John Dickson Carr,The Three Coffins (aka.The_ (Z-Library).azw8,application/x-mobi8-ebook,500732,"documentOrigin = personal document","conversionStatus = finished","documentType = document","Not Available","Not Available","No","2025-02-21T18:22:32.453Z"
MX76DL77CZU6RDBXMKY4ZAL5GJ55MMGG,Beartooth (Callan Wink) (Z-Library),Callan Wink,Beartooth (Callan Wink) (Z-Library).azw8,application/x-mobi8-ebook,460864,"documentOrigin = personal document","conversionStatus = finished","documentType = document","Not Available","Not Available","No","2025-02-21T18:09:35.288Z"
XUTYDSDJUGD5CEHPJUSBR6WPEFKRWCFB,Whats for Dinner (Schuyler_ (Z-Library),James Schuyler,Whats for Dinner (Schuyler_ (Z-Library).azw8,application/x-mobipocket-ebook,389252,"documentOrigin = personal document","conversionStatus = finished","documentType = document","Not Available","Not Available","No","2025-02-19T21:32:05.263Z"
SD42OYMUUNT3QF4OVGG6Y2M6HXLDJ2NZ,A Short Stay in Hell (Steve_ (Z-Library),Steven L. Peck,A Short Stay in Hell (Steve_ (Z-Library).azw8,application/x-mobipocket-ebook,237456,"documentOrigin = personal document","conversionStatus = finished","documentType = document","Not Available","Not Available","No","2025-02-19T05:46:21.533Z"
WZ34AC3Z6QKT765I3B5YQEO3U3BZXKLN,Dead Money (Jakob Kerr) (Z-Library),Jakob Kerr,Dead Money (Jakob Kerr) (Z-Library).azw8,application/x-mobipocket-ebook,831080,"documentOrigin = personal document","conversionStatus = finished","documentType = document","Not Available","Not Available","No","2025-02-07T21:36:50.464Z"
LHXKLEWH52LWXBSOBOTMRLRJ2CONAJCC,Tartufo (Kira Jane Buxton) (Z-Library),Kira Jane Buxton,Tartufo (Kira Jane Buxton) (Z-Library).azw8,application/x-mobi8-ebook,685008,"documentOrigin = personal document","conversionStatus = finished","documentType = document","Not Available","Not Available","No","2025-02-07T21:36:40.112Z"
OEEFKAZSYAYOEA57JWRZYSEGYRAUE75X,Gliff (Ali Smith) (Z-Library),Ali Smith,Gliff (Ali Smith) (Z-Library).azw8,application/x-mobi8-ebook,549448,"documentOrigin = personal document","conversionStatus = finished","documentType = document","Not Available","Not Available","No","2025-02-05T17:10:05.209Z"
T6MYHFXIDDXQI6XRF7TXNWHDWDS2DECW,The Stranger (Camus Albert) (Z-Library),Albert Camus,The Stranger (Camus Albert) (Z-Library).azw8,application/x-mobi8-ebook,186976,"documentOrigin = personal document","conversionStatus = finished","documentType = document","Not Available","Not Available","No","2025-01-31T21:31:45.080Z"
6LUZMQAT5HFFSBK25OZR3TWRUJ5BDIZS,Embers of the Hands Hidden_ (Z-Library),Eleanor Barraclough,Embers of the Hands Hidden_ (Z-Library).azw8,application/x-mobi8-ebook,6763840,"documentOrigin = personal document","conversionStatus = finished","documentType = document","Not Available","Not Available","No","2025-01-10T01:44:50.552Z"
2CTL27BREQN7JTZSLXXAM2YMSI6DZDZV,The Wide Wide Sea Imperial_ (Z-Library),Hampton Sides,The Wide Wide Sea Imperial_ (Z-Library).azw8,application/x-mobipocket-ebook,4108924,"documentOrigin = personal document","conversionStatus = finished","documentType = document","Not Available","Not Available","No","2025-01-08T22:13:23.976Z"
LH2FCVKSFLIA3RE4365AAGYFG76TA7UI,James A Novel (Percival Eve_ (Z-Library),Percival Everett,James A Novel (Percival Eve_ (Z-Library).azw8,application/x-mobi8-ebook,649120,"documentOrigin = personal document","conversionStatus = finished","documentType = document","Not Available","Not Available","No","2025-01-07T05:50:55.010Z"
JZLZQO3Y3EPKB7K2WUG7MGTYPVYOZWJS,Godwin A Novel (Joseph ONeill) (Z-Library),Joseph O'Neill,Godwin A Novel (Joseph ONeill) (Z-Library).azw8,application/x-mobi8-ebook,708132,"documentOrigin = personal document","conversionStatus = finished","documentType = document","Not Available","Not Available","No","2025-01-05T18:39:00.275Z"
OOAZWAIV63UB2CXNZN7NGGRP3MSZBQBM,To the Limit The Meaning of_ (Z-Library),Michael Crawley,To the Limit The Meaning of_ (Z-Library).azw8,application/pdf,1532947,"documentOrigin = personal document","conversionStatus = finished","documentType = document","Not Available","Not Available","No","2024-12-30T20:03:21.825Z"
AHLCEKLOMNBI3WZAR2LXCRUBJ2OBWCFN,The Emerald Mile The Epic S_ (Z-Library),"Fedarko, Kevin",The Emerald Mile The Epic S_ (Z-Library).azw8,application/x-mobi8-ebook,2768048,"documentOrigin = personal document","conversionStatus = finished","documentType = document","Not Available","Not Available","No","2024-12-19T05:43:46.290Z"
D81BB38BBD7A4F42B0EE762A686912BA,The Miraculous from the Mat_ (Z-Library),Andrew,The Miraculous from the Mat_ (Z-Library).azw8,application/x-mobi8-ebook,6412200,"documentOrigin = personal document","conversionStatus = finished","documentType = document","Not Available","Not Available","No","2024-12-16T20:55:37.431Z"
O2SJMZT5JBNX55LFEWETQP4C7RXJPGOT,The City and Its Uncertain_ (Z-Library),Haruki Murakami,The City and Its Uncertain_ (Z-Library).azw8,application/x-mobi8-ebook,4729244,"documentOrigin = personal document","conversionStatus = finished","documentType = document","Not Available","Not Available","No","2024-12-07T06:41:16.624Z"
NKTH6XIJUZNFZ5PZSSWZ6BGQ6ZLGIKBQ,The God of the Woods A Nove_ (Z-Library),Liz Moore,The God of the Woods A Nove_ (Z-Library).azw8,application/x-mobipocket-ebook,1250836,"documentOrigin = personal document","conversionStatus = finished","documentType = document","Not Available","Not Available","No","2024-12-07T06:38:46.429Z"
AQRV2TZVKL2XDXB54TOUVW5PFQVAB7WU,Getting to Know Death A Med_ (Z-Library),Gail Godwin,Getting to Know Death A Med_ (Z-Library).azw8,application/x-mobi8-ebook,858300,"documentOrigin = personal document","conversionStatus = finished","documentType = document","Not Available","Not Available","No","2024-12-07T06:37:21.795Z"
7FLHIN5CJDB2OBP4B47X3KKHBVS7DZHH,The Ministry of Time (Kalia_ (Z-Library),Kaliane Bradley,The Ministry of Time (Kalia_ (Z-Library).azw8,application/x-mobipocket-ebook,1224032,"documentOrigin = personal document","conversionStatus = finished","documentType = document","Not Available","Not Available","No","2024-11-17T04:28:04.033Z"
WHTDURZESVWW5KLTDUQAP5QTQ4MYV36N,A Beginner’s Guide to Break_ (Z-Library),Andrew Hunter Murray,A Beginner’s Guide to Break_ (Z-Library).azw8,application/x-mobipocket-ebook,1027188,"documentOrigin = personal document","conversionStatus = finished","documentType = document","Not Available","Not Available","No","2024-11-17T04:26:26.939Z"
RRN3W2L2FVRE27HZJJBTVE5KZTAMZNHN,The Last Ranger (Peter Heller) (Z-Library),Peter Heller,The Last Ranger (Peter Heller) (Z-Library).azw8,application/x-mobi8-ebook,922356,"documentOrigin = personal document","conversionStatus = finished","documentType = document","Not Available","Not Available","No","2024-11-11T04:46:13.602Z"
Q2GMDSWTP3KRSTVF5WHAONVIHS325UHL,On Pace Discover How to Run_ (Z-Library),Matt Fitzgerald,On Pace Discover How to Run_ (Z-Library).azw8,application/x-mobi8-ebook,440304,"documentOrigin = personal document","conversionStatus = finished","documentType = document","Not Available","Not Available","No","2024-11-04T03:56:08.394Z"
N2GXACRU2Y75KKK7J7XPZLMLHHQJ3XEB,Small Rain (Garth Greenwell) (Z-Library),Garth Greenwell,Small Rain (Garth Greenwell) (Z-Library).azw8,application/x-mobi8-ebook,847724,"documentOrigin = personal document","conversionStatus = finished","documentType = document","Not Available","Not Available","No","2024-11-04T03:55:04.092Z"
CQ3N5YSGGUHIX2SAY53DAX226KYAHXEQ,Blood Test (Charles Baxter) (Z-Library),Charles Baxter,Blood Test (Charles Baxter) (Z-Library).azw8,application/x-mobipocket-ebook,971344,"documentOrigin = personal document","conversionStatus = finished","documentType = document","Not Available","Not Available","No","2024-10-20T20:35:51.630Z"
2EUPLKIM7ATSLPXWBOUA4B2L66BXKDTV,Everything Is Predictable H_ (Z-Library),Tom Chivers,Everything Is Predictable H_ (Z-Library).azw8,application/x-mobipocket-ebook,4414240,"documentOrigin = personal document","conversionStatus = finished","documentType = document","Not Available","Not Available","No","2024-10-07T20:38:35.273Z"
AJRS4BNGDESXUY7M52PBWGHXN6W3VFMT,Health and Safety A Breakdo_ (Z-Library),Emily Witt,Health and Safety A Breakdo_ (Z-Library).azw8,application/x-mobi8-ebook,1012456,"documentOrigin = personal document","conversionStatus = finished","documentType = document","Not Available","Not Available","No","2024-10-07T20:37:46.382Z"
ZPWKCGLPBBCYS2KJQQBLM6VSBP3NWID3,Dear Dickhead (Virginie Des_ (Z-Library),Virginie Despentes,Dear Dickhead (Virginie Des_ (Z-Library).azw8,application/x-mobipocket-ebook,933376,"documentOrigin = personal document","conversionStatus = finished","documentType = document","Not Available","Not Available","No","2024-10-07T04:14:51.912Z"
1D1B7C54B5BC44799C3596D902FF13AC,The Devil Raises His Own (Scott Phillips) (Z-Library),Scott Phillips,The Devil Raises His Own (Scott Phillips) (Z-Library).azw8,application/x-mobi8-ebook,539896,"documentOrigin = personal document","conversionStatus = finished","documentType = document","Not Available","Not Available","No","2024-09-24T19:05:43.996Z"
5XMZNFFBFJGCDIF7CF2TJMLGHI2DH2MZ,Creation Lake (Rachel Kushner) (Z-Library),Rachel Kushner,Creation Lake (Rachel Kushner) (Z-Library).azw8,application/x-mobipocket-ebook,942132,"documentOrigin = personal document","conversionStatus = finished","documentType = document","Not Available","Not Available","No","2024-09-09T14:08:55.242Z"
CFB210D125DE496195B7AE70BACDA51C,Here One Moment (Liane Moriarty) (Z-Library),Liane Moriarty,Here One Moment (Liane Moriarty) (Z-Library).azw8,application/x-mobi8-ebook,2083616,"documentOrigin = personal document","conversionStatus = finished","documentType = document","Not Available","Not Available","No","2024-09-03T02:28:55.626Z"
1C34F9A4E93C4F328ADA7053A8E3D219,The Mysterious Case of the Alperton Angels (Janice Hallett) (Z-Library),Clive Badham,The Mysterious Case of the Alperton Angels (Janice Hallett) (Z-Library).azw8,application/x-mobi8-ebook,1380684,"documentOrigin = personal document","conversionStatus = finished","documentType = document","Not Available","Not Available","No","2024-09-03T02:28:47.399Z"
05C4DA136A6A4FFC99DBA85BEE6FF300,Help Wanted A Novel (Adelle Waldman) (Z-Library),Adelle Waldman,Help Wanted A Novel (Adelle Waldman) (Z-Library).azw8,application/x-mobi8-ebook,605872,"documentOrigin = personal document","conversionStatus = finished","documentType = document","Not Available","Not Available","No","2024-08-29T20:37:38.845Z"
3451C4DEA84A49DEBFFFDDA0092EC804,Burn A novel (Peter Heller) (Z-Library),Peter Heller,Burn A novel (Peter Heller) (Z-Library).azw8,application/x-mobi8-ebook,712492,"documentOrigin = personal document","conversionStatus = finished","documentType = document","Not Available","Not Available","No","2024-08-27T19:38:01.275Z"
BBD0AD78686243CD9C5F343AFC7E83D6,We Solve Murders (Richard Osman) (Z-Library),"Osman,Richard",We Solve Murders (Richard Osman) (Z-Library).azw8,application/x-mobipocket-ebook,716776,"documentOrigin = personal document","conversionStatus = finished","documentType = document","Not Available","Not Available","No","2024-08-27T05:09:30.934Z"
A7E4563B33564CA4904BBD751938CA1C,We Solve Murders (Richard Osman) (Z-Library),"Osman,Richard",We Solve Murders (Richard Osman) (Z-Library).azw8,application/x-mobipocket-ebook,716776,"documentOrigin = personal document","conversionStatus = finished","documentType = document","Not Available","Not Available","No","2024-08-27T05:02:00.592Z"
0A7C416992574F5E9E06498F5AC4E33E,Broiler (Eli Cranor) (Z-Library),Eli Cranor,Broiler (Eli Cranor) (Z-Library).azw8,application/x-mobi8-ebook,556248,"documentOrigin = personal document","conversionStatus = finished","documentType = document","Not Available","Not Available","No","2024-08-22T20:42:51.052Z"
3F18E7B1DE9B48E1B46CEBD543D9AD15,The Heart in Winter A Novel (Kevin Barry) (Z-Library),Kevin Barry,The Heart in Winter A Novel (Kevin Barry) (Z-Library).azw8,application/x-mobi8-ebook,512052,"documentOrigin = personal document","conversionStatus = finished","documentType = document","Not Available","Not Available","No","2024-08-20T04:05:57.166Z"
6C1EF968A24F49B0BF68A0FC5BA314DC,The Kind Worth Killing (Peter Swanson) (Z-Library),Peter Swanson,The Kind Worth Killing (Peter Swanson) (Z-Library).azw8,application/x-mobi8-ebook,598832,"documentOrigin = personal document","conversionStatus = finished","documentType = document","Not Available","Not Available","No","2024-08-17T18:26:03.318Z"
43CBE4C46DC444119BB4453B4EF2473B,James A Novel (Percival Everett) (Z-Library),Percival Everett,James A Novel (Percival Everett) (Z-Library).azw8,application/x-mobipocket-ebook,649036,"documentOrigin = personal document","conversionStatus = finished","documentType = document","Not Available","Not Available","No","2024-08-17T00:00:47.454Z"
15DCD55913DF40F990711B36DCA2CC83,A Talent for Murder (Peter Swanson) (Z-Library),Peter Swanson,A Talent for Murder (Peter Swanson) (Z-Library).azw8,application/x-mobi8-ebook,707440,"documentOrigin = personal document","conversionStatus = finished","documentType = document","Not Available","Not Available","No","2024-08-09T03:31:31.023Z"
9CF67106DC3A4A8F90A685EE6DAA2B9F,Bottoms Up and the Devil Laughs A Journey Through the Deep State (Kerry Howley) (Z-Library),Kerry Howley,Bottoms Up and the Devil Laughs A Journey Through the Deep State (Kerry Howley) (Z-Library).azw8,application/x-mobi8-ebook,621672,"documentOrigin = personal document","conversionStatus = finished","documentType = document","Not Available","Not Available","No","2024-07-26T21:24:31.989Z"
15072C88D12543BE9BF38E06D831641A,Headshot A Novel (Rita Bullwinkel) (Z-Library),Rita Bullwinkel,Headshot A Novel (Rita Bullwinkel) (Z-Library).azw8,application/x-mobi8-ebook,877136,"documentOrigin = personal document","conversionStatus = finished","documentType = document","Not Available","Not Available","No","2024-07-12T23:58:09.062Z"
28C62463866C4CC99233564ED847A1A5,Hansons Half-Marathon Method Run Your Best Half-Marathon the Hansons Way (Keith And Kevin Hanson) (Z-Library),Luke Humphrey,Hansons Half-Marathon Method Run Your Best Half-Marathon the Hansons Way (Keith And Kevin Hanson) (Z-Library).azw8,application/x-mobipocket-ebook,6933796,"documentOrigin = personal document","conversionStatus = finished","documentType = document","Not Available","Not Available","No","2024-07-10T17:06:24.144Z"
2C4B5A07F41247DAAF830F1590836876,Outsider (Brett Popplewell) (Z-Library),Brett Popplewell,Outsider (Brett Popplewell) (Z-Library).azw8,application/x-mobipocket-ebook,1996012,"documentOrigin = personal document","conversionStatus = finished","documentType = document","Not Available","Not Available","No","2024-07-02T19:38:27.111Z"
C36A14E8EC2F4079AD3377ED35C616AE,The Winner (Teddy Wayne) (Z-Library),Teddy Wayne,The Winner (Teddy Wayne) (Z-Library).azw8,application/x-mobi8-ebook,769664,"documentOrigin = personal document","conversionStatus = finished","documentType = document","Not Available","Not Available","No","2024-07-01T17:49:41.861Z"
9AB16AE6EC24449DBFB06E5EB1561B67,Still Waters (Matt Goldman) (Z-Library),Matt Goldman,Still Waters (Matt Goldman) (Z-Library).azw8,application/x-mobi8-ebook,771192,"documentOrigin = personal document","conversionStatus = finished","documentType = document","Not Available","Not Available","No","2024-06-19T19:34:42.879Z"
02A4171C317D47ABB064E2F24B3D5CFC,End of Story (A. J. Finn) (Z-Library),A. J. Finn,End of Story (A. J. Finn) (Z-Library).azw8,application/x-mobi8-ebook,898332,"documentOrigin = personal document","conversionStatus = finished","documentType = document","Not Available","Not Available","No","2024-06-15T21:43:17.168Z"
096E674F00DC4192A0B7E99C3AB4A388,The Body in Question (Jill Ciment) (Z-Library),Jill Ciment,The Body in Question (Jill Ciment) (Z-Library).azw8,application/x-mobi8-ebook,253692,"documentOrigin = personal document","conversionStatus = finished","documentType = document","Not Available","Not Available","No","2024-06-15T21:39:02.995Z"
N4LRBDHXLHWB6GQCAL74CNNNWOIWTPMJ,Nikki Erlick - The Measure,Nikki Erlick,Nikki Erlick - The Measure.azw3,application/x-mobi8-ebook,834620,"documentOrigin = personal document","conversionStatus = finished","documentType = document","Not Available","Not Available","No","2022-11-15T21:45:27.626Z"
AQ3OABMEA2YURRI5PMD4TSHQZYWFTONB,Boundary Waters ( Cork OConnor 2 ) (William Kent Krueger) (z-lib.org),WILLIAM KENT KRUEGER,Boundary Waters ( Cork OConnor 2 ) (William Kent Krueger) (z-lib.org).azw3,application/x-mobi8-ebook,481156,"documentOrigin = personal document","conversionStatus = finished","documentType = document","Not Available","Not Available","No","2022-10-28T04:44:45.939Z"
QSKJSE7YJTJXN5WGZEBZAJ3ZZEBKDEAX,Naive. Super (Erlend Loe) (z-lib.org),"Loe, Erlend",Naive. Super (Erlend Loe) (z-lib.org).azw3,application/x-mobi8-ebook,1029740,"documentOrigin = personal document","conversionStatus = finished","documentType = document","Not Available","Not Available","No","2022-10-23T03:39:50.497Z"
2WHQ4RDHHZSUUDZRQBG52I7KS37FTVCT,Running Smart How Science Can Improve Your Endurance and Performance (van Sprundel Mariska etc.) (z-lib.org),Unknown,Running Smart How Science Can Improve Your Endurance and Performance (van Sprundel Mariska etc.) (z-lib.org).azw3,application/x-mobi8-ebook,500476,"documentOrigin = personal document","conversionStatus = finished","documentType = document","Not Available","Not Available","No","2022-10-05T15:33:45.312Z"
3IPAKSAWQQL2Z24WQQ2L3VFTRTUOXTTK,The Bullet That Missed (The Thursday Murder Club) (Richard Osman) (z-lib.org),Unknown,The Bullet That Missed (The Thursday Murder Club) (Richard Osman) (z-lib.org).azw3,application/x-mobi8-ebook,1099932,"documentOrigin = personal document","conversionStatus = finished","documentType = document","Not Available","Not Available","No","2022-10-04T16:04:24.993Z"
XRAYI6J7VLSRCIL3DZUNCYMN3OX45UWY,Notice From Amazon Cloud Drive,Amazon Cloud Drive,Notice From Amazon Cloud Drive.docx,application/vnd.openxmlformats-officedocument.wordprocessingml.document,5777,"documentOrigin = personal document","conversionStatus = finished","documentType = document","Not Available","Not Available","No","2016-04-18T01:00:34.680Z"
RN36AL7AALJBGBAYGO665TGOI27GGRGB,how to read a paper ch6,aosmond@library.wisc.edu,how to read a paper ch6,application/pdf,348340,"documentOrigin = personal document","conversionStatus = finished","documentType = document","Not Available","Not Available","No","2013-03-01T19:47:14.357Z"
JEGXZOPIT2EJWWHTZCP3JXJOPRQQLSSY,wart 2002,a.j.osmond@gmail.com,wart 2002,application/pdf,74417,"documentOrigin = personal document","conversionStatus = finished","documentType = document","Not Available","Not Available","No","2013-02-07T21:15:56.036Z"
EV5EFJMBWENBQ7VFTBFTKRM4A5BZL7NZ,wart 2007,a.j.osmond@gmail.com,wart 2007,application/pdf,99165,"documentOrigin = personal document","conversionStatus = finished","documentType = document","Not Available","Not Available","No","2013-02-07T21:15:55.494Z"
KBATJPUQQ2XFBCFJHKBAW5IUC6PYHGKA,how to read a paper ch5,aosmond@library.wisc.edu,how to read a paper ch5,application/pdf,1212365,"documentOrigin = personal document","conversionStatus = finished","documentType = document","Not Available","Not Available","No","2013-01-28T14:47:07.356Z"
LEIQRD7ZN2VQ7NQBQNGQTTOYJPHSHQA6,how to read a paper ch3,aosmond@library.wisc.edu,how to read a paper ch3,application/pdf,1319810,"documentOrigin = personal document","conversionStatus = finished","documentType = document","Not Available","Not Available","No","2013-01-15T15:08:38.200Z"
K3XJ4D3ND5R56QFSTUBFO65FVWWV7XMM,how to read  a paper ch4,aosmond@library.wisc.edu,how to read  a paper ch4,application/pdf,724942,"documentOrigin = personal document","conversionStatus = finished","documentType = document","Not Available","Not Available","No","2013-01-15T15:08:36.139Z"
YVUAYPCZJXSPE2KPDSELQ4RVNTNNSY3B,appendix,aosmond@library.wisc.edu,appendix,application/pdf,449244,"documentOrigin = personal document","conversionStatus = finished","documentType = document","Not Available","Not Available","No","2013-01-15T15:08:36.081Z"
T4SA7WO2UVGTZB7BY2NQ2T2BFZARI6RQ,how to read a paper chapters 1-2,aosmond@library.wisc.edu,how to read a paper chapters 1-2,application/pdf,2375212,"documentOrigin = personal document","conversionStatus = finished","documentType = document","Not Available","Not Available","No","2013-01-02T16:16:15.669Z"
KAE4QKKLTDKFT7HSFZNERZ6JWWPICMNO,acaKFF,aosmond@library.wisc.edu,acaKFF,application/pdf,226849,"documentOrigin = personal document","conversionStatus = finished","documentType = document","Not Available","Not Available","No","2012-06-29T18:26:42.030Z"
4YOH237NH7DUN3KPHDXJNT5EDXAZW42M,resources-services-2010,Allan Barclay,resources-services-2010,application/pdf,944237,"documentOrigin = personal document","conversionStatus = finished","documentType = document","Not Available","Not Available","No","2012-01-24T18:07:21.275Z"
